<keymap version="1" name="my keymap" parent="$default">
  <action id="Back">
    <keyboard-shortcut first-keystroke="ctrl open_bracket" />
    <keyboard-shortcut first-keystroke="alt left" />
  </action>
  <action id="CloseActiveTab" />
  <action id="CloseContent">
    <keyboard-shortcut first-keystroke="ctrl w" />
  </action>
  <action id="Diff.NextChange" />
  <action id="Diff.PrevChange" />
  <action id="EditorCodeBlockEnd" />
  <action id="EditorCodeBlockStart" />
  <action id="EditorMoveToPageBottom" />
  <action id="EditorMoveToPageTop" />
  <action id="EditorPreviousWord" />
  <action id="EditorSelectWord" />
  <action id="Forward">
    <keyboard-shortcut first-keystroke="ctrl close_bracket" />
    <keyboard-shortcut first-keystroke="alt right" />
  </action>
  <action id="NextTab">
    <keyboard-shortcut first-keystroke="ctrl page_down" />
  </action>
  <action id="PreviousTab">
    <keyboard-shortcut first-keystroke="ctrl page_up" />
  </action>
</keymap>